<?xml version="1.0" encoding="UTF-8"?>
<extension type="plugin" version="4.1" group="system" method="upgrade">
    <name>NEW_PLUGIN.22</name>
    <version>1.0.0</version>
    <creationDate>2022-15-04</creationDate>
    <license>https://www.gnu.org/licenses/gpl</license>
    <copyright>Copyright 2022 of Arzit Mahajan. All rights reserved.</copyright>
    <author>Arzit Mahajans</author>
    <authorEmail>nidhimahajan251@gmail.com</authorEmail>
    <description>Plugin Dummy Extension</description>
    <files>
        <filename plugin="mod_workshop">mod_workshop.php</filename>
    </files>
    <languages>
        <language tag="en-GB">language/en-GB/en-GB.mod_workshop.ini</language>
        <language tag="en-GB">language/en-GB/en-GB.mod_workshop.sys.ini</language>
    </languages>
    <config>
        <fields name="params">
            <fieldset name = "basic">
                <field name="mytextarea" default= "HI" type="textarea" label="Enter Dummy Text" description="" rows="10" cols="5" />
            </fieldset>
        </fields>
    </config>
</extension>